–§–µ–¥–µ—Ä–∞–ª—å–Ω—ã–π –æ–∫—Ä—É–≥,–ö–∞–∫ –º–æ–∂–Ω–æ –æ—Ö–∞—Ä–∞–∫—Ç–µ—Ä–∏–∑–æ–≤–∞—Ç—å –≤–∞—à –û–°–ù–û–í–ù–û–ô –∏—Å—Ç–æ—á–Ω–∏–∫ –¥–æ—Ö–æ–¥–∞?,–ö–∞–∫ –º–æ–∂–Ω–æ –æ—Ö–∞—Ä–∞–∫—Ç–µ—Ä–∏–∑–æ–≤–∞—Ç—å –≤–∞—à –û–°–ù–û–í–ù–û–ô –∏—Å—Ç–æ—á–Ω–∏–∫ –¥–æ—Ö–æ–¥–∞?
–î–∞–ª—å–Ω–µ–≤–æ—Å—Ç–æ—á–Ω—ã–π —Ñ–µ–¥–µ—Ä–∞–ª—å–Ω—ã–π –æ–∫—Ä—É–≥,–ü–æ—Å—Ç–æ—è–Ω–Ω–∞—è —Ä–∞–±–æ—Ç–∞,86
–î–∞–ª—å–Ω–µ–≤–æ—Å—Ç–æ—á–Ω—ã–π —Ñ–µ–¥–µ—Ä–∞–ª—å–Ω—ã–π –æ–∫—Ä—É–≥,–§—Ä–∏–ª–∞–Ω—Å,13
–î–∞–ª—å–Ω–µ–≤–æ—Å—Ç–æ—á–Ω—ã–π —Ñ–µ–¥–µ—Ä–∞–ª—å–Ω—ã–π –æ–∫—Ä—É–≥,–í—Ä–µ–º–µ–Ω–Ω–∞—è —Ä–∞–±–æ—Ç–∞,12
–î–∞–ª—å–Ω–µ–≤–æ—Å—Ç–æ—á–Ω—ã–π —Ñ–µ–¥–µ—Ä–∞–ª—å–Ω—ã–π –æ–∫—Ä—É–≥,–°—Ç–∏–ø–µ–Ω–¥–∏—è –∏–ª–∏ –≥—Ä–∞–Ω—Ç,8
–î–∞–ª—å–Ω–µ–≤–æ—Å—Ç–æ—á–Ω—ã–π —Ñ–µ–¥–µ—Ä–∞–ª—å–Ω—ã–π –æ–∫—Ä—É–≥,"–ì–æ—Å—É–¥–∞—Ä—Å—Ç–≤–µ–Ω–Ω—ã–µ –ø–æ—Å–æ–±–∏—è (–ø–µ–Ω—Å–∏—è, –ø–æ—Å–æ–±–∏–µ –ø–æ –±–µ–∑—Ä–∞–±–æ—Ç–∏—Ü–µ –∏ –¥—Ä.)",3
–î–∞–ª—å–Ω–µ–≤–æ—Å—Ç–æ—á–Ω—ã–π —Ñ–µ–¥–µ—Ä–∞–ª—å–Ω—ã–π –æ–∫—Ä—É–≥,–ö—Ä–∞—Ç–∫–æ—Å—Ä–æ—á–Ω—ã–µ/—Å–ª—É—á–∞–π–Ω—ã–µ –ø–æ–¥—Ä–∞–±–æ—Ç–∫–∏,3
–î–∞–ª—å–Ω–µ–≤–æ—Å—Ç–æ—á–Ω—ã–π —Ñ–µ–¥–µ—Ä–∞–ª—å–Ω—ã–π –æ–∫—Ä—É–≥,"–ü–∞—Å—Å–∏–≤–Ω—ã–π –¥–æ—Ö–æ–¥ (—Å–¥–∞—á–∞ –∂–∏–ª—å—è –≤ –∞—Ä–µ–Ω–¥—É, –¥–∏–≤–∏–¥–µ–Ω–¥—ã, –ø—Ä–æ—Ü–µ–Ω—Ç—ã –æ—Ç –≤–∫–ª–∞–¥–∞)",2
–î–∞–ª—å–Ω–µ–≤–æ—Å—Ç–æ—á–Ω—ã–π —Ñ–µ–¥–µ—Ä–∞–ª—å–Ω—ã–π –æ–∫—Ä—É–≥,–ù–µ –±–æ–ª—å—à–æ–π –±–∏–∑–Ω–µ—Å –Ω–∞ —É—Å–ª—É–≥–∞—Ö ,1
–î–∞–ª—å–Ω–µ–≤–æ—Å—Ç–æ—á–Ω—ã–π —Ñ–µ–¥–µ—Ä–∞–ª—å–Ω—ã–π –æ–∫—Ä—É–≥,–û—Å–Ω–æ–≤–Ω—ã–º –∏—Å—Ç–æ—á–Ω–∏–∫–æ–º –¥–æ—Ö–æ–¥–∞ —è–≤–ª—è–µ—Ç—Å—è –ª–∏—á–Ω—ã–µ –¥–µ–Ω–µ–∂–Ω—ã–µ —Å—Ä–µ–¥—Å—Ç–≤–∞ –º–æ–∏—Ö —Ä–æ–¥–∏—Ç–µ–ª–µ–π,1
–î–∞–ª—å–Ω–µ–≤–æ—Å—Ç–æ—á–Ω—ã–π —Ñ–µ–¥–µ—Ä–∞–ª—å–Ω—ã–π –æ–∫—Ä—É–≥,–°–æ–±—Å—Ç–≤–µ–Ω–Ω—ã–π –±–∏–∑–Ω–µ—Å ,1
–î–∞–ª—å–Ω–µ–≤–æ—Å—Ç–æ—á–Ω—ã–π —Ñ–µ–¥–µ—Ä–∞–ª—å–Ω—ã–π –æ–∫—Ä—É–≥,–ø–æ–º–æ—â—å —Ä–æ–¥—Å—Ç–≤–µ–Ω–Ω–∏–∫–æ–≤,1
–ü—Ä–∏–≤–æ–ª–∂—Å–∫–∏–π —Ñ–µ–¥–µ—Ä–∞–ª—å–Ω—ã–π –æ–∫—Ä—É–≥,–ü–æ—Å—Ç–æ—è–Ω–Ω–∞—è —Ä–∞–±–æ—Ç–∞,461
–ü—Ä–∏–≤–æ–ª–∂—Å–∫–∏–π —Ñ–µ–¥–µ—Ä–∞–ª—å–Ω—ã–π –æ–∫—Ä—É–≥,–í—Ä–µ–º–µ–Ω–Ω–∞—è —Ä–∞–±–æ—Ç–∞,58
–ü—Ä–∏–≤–æ–ª–∂—Å–∫–∏–π —Ñ–µ–¥–µ—Ä–∞–ª—å–Ω—ã–π –æ–∫—Ä—É–≥,–§—Ä–∏–ª–∞–Ω—Å,56
–ü—Ä–∏–≤–æ–ª–∂—Å–∫–∏–π —Ñ–µ–¥–µ—Ä–∞–ª—å–Ω—ã–π –æ–∫—Ä—É–≥,–°—Ç–∏–ø–µ–Ω–¥–∏—è –∏–ª–∏ –≥—Ä–∞–Ω—Ç,23
–ü—Ä–∏–≤–æ–ª–∂—Å–∫–∏–π —Ñ–µ–¥–µ—Ä–∞–ª—å–Ω—ã–π –æ–∫—Ä—É–≥,"–ì–æ—Å—É–¥–∞—Ä—Å—Ç–≤–µ–Ω–Ω—ã–µ –ø–æ—Å–æ–±–∏—è (–ø–µ–Ω—Å–∏—è, –ø–æ—Å–æ–±–∏–µ –ø–æ –±–µ–∑—Ä–∞–±–æ—Ç–∏—Ü–µ –∏ –¥—Ä.)",18
–ü—Ä–∏–≤–æ–ª–∂—Å–∫–∏–π —Ñ–µ–¥–µ—Ä–∞–ª—å–Ω—ã–π –æ–∫—Ä—É–≥,–ö—Ä–∞—Ç–∫–æ—Å—Ä–æ—á–Ω—ã–µ/—Å–ª—É—á–∞–π–Ω—ã–µ –ø–æ–¥—Ä–∞–±–æ—Ç–∫–∏,18
–ü—Ä–∏–≤–æ–ª–∂—Å–∫–∏–π —Ñ–µ–¥–µ—Ä–∞–ª—å–Ω—ã–π –æ–∫—Ä—É–≥,"–ü–∞—Å—Å–∏–≤–Ω—ã–π –¥–æ—Ö–æ–¥ (—Å–¥–∞—á–∞ –∂–∏–ª—å—è –≤ –∞—Ä–µ–Ω–¥—É, –¥–∏–≤–∏–¥–µ–Ω–¥—ã, –ø—Ä–æ—Ü–µ–Ω—Ç—ã –æ—Ç –≤–∫–ª–∞–¥–∞)",10
–ü—Ä–∏–≤–æ–ª–∂—Å–∫–∏–π —Ñ–µ–¥–µ—Ä–∞–ª—å–Ω—ã–π –æ–∫—Ä—É–≥,–°–≤–æ–π –±–∏–∑–Ω–µ—Å,2
–ü—Ä–∏–≤–æ–ª–∂—Å–∫–∏–π —Ñ–µ–¥–µ—Ä–∞–ª—å–Ω—ã–π –æ–∫—Ä—É–≥,–î–µ–Ω—å–≥–∏ —Ä–æ–¥–∏—Ç–µ–ª–µ–π,1
–ü—Ä–∏–≤–æ–ª–∂—Å–∫–∏–π —Ñ–µ–¥–µ—Ä–∞–ª—å–Ω—ã–π –æ–∫—Ä—É–≥,–ó–∞—Ä–ø–ª–∞—Ç–∞ —Ä–æ–¥–∏—Ç–µ–ª–µ–π ,1
–ü—Ä–∏–≤–æ–ª–∂—Å–∫–∏–π —Ñ–µ–¥–µ—Ä–∞–ª—å–Ω—ã–π –æ–∫—Ä—É–≥,–ú–∞—Ç–µ—Ä–∏–∞–ª—å–Ω–∞—è –ø–æ–º–æ—â—å –æ—Ç —Ä–æ–¥–Ω—ã—Ö.,1
–ü—Ä–∏–≤–æ–ª–∂—Å–∫–∏–π —Ñ–µ–¥–µ—Ä–∞–ª—å–Ω—ã–π –æ–∫—Ä—É–≥,–ù–∞—Ö–æ–∂–¥–µ–Ω–∏–µ –Ω–∞ –∏–∂–¥–∏–≤–µ–Ω–∏–∏ —É —Ä–æ–¥–∏—Ç–µ–ª–µ–π ,1
–ü—Ä–∏–≤–æ–ª–∂—Å–∫–∏–π —Ñ–µ–¥–µ—Ä–∞–ª—å–Ω—ã–π –æ–∫—Ä—É–≥,"–ü–µ–Ω—Å–∏—è, —Ä–∞–±–æ—Ç–∞",1
–ü—Ä–∏–≤–æ–ª–∂—Å–∫–∏–π —Ñ–µ–¥–µ—Ä–∞–ª—å–Ω—ã–π –æ–∫—Ä—É–≥,–ü–æ–º–æ—â—å –æ—Ç —Ä–æ–¥–∏—Ç–µ–ª–µ–π,1
–ü—Ä–∏–≤–æ–ª–∂—Å–∫–∏–π —Ñ–µ–¥–µ—Ä–∞–ª—å–Ω—ã–π –æ–∫—Ä—É–≥,–ü–æ—Å—Ç–æ—è–Ω–Ω–∞—è+—Å–≤–æ–π –±–∏–∑–Ω–µ—Å,1
–ü—Ä–∏–≤–æ–ª–∂—Å–∫–∏–π —Ñ–µ–¥–µ—Ä–∞–ª—å–Ω—ã–π –æ–∫—Ä—É–≥,"–†–æ–¥–∏—Ç–µ–ª–∏ –¥–∞—é—Ç, –ø–æ–∫–∞ —è —É—á—É—Å—å. –ò –ø–æ–¥—Ä–∞–±–∞—Ç—ã–≤–∞—é –≤ –∫–æ—Ñ–µ–π–Ω–µ",1
–ü—Ä–∏–≤–æ–ª–∂—Å–∫–∏–π —Ñ–µ–¥–µ—Ä–∞–ª—å–Ω—ã–π –æ–∫—Ä—É–≥,–£–¥–∞–ª–µ–Ω–Ω–∞—è —Ä–∞–±–æ—Ç–∞,1
–°–µ–≤–µ—Ä–æ-–ó–∞–ø–∞–¥–Ω—ã–π —Ñ–µ–¥–µ—Ä–∞–ª—å–Ω—ã–π –æ–∫—Ä—É–≥,–ü–æ—Å—Ç–æ—è–Ω–Ω–∞—è —Ä–∞–±–æ—Ç–∞,871
–°–µ–≤–µ—Ä–æ-–ó–∞–ø–∞–¥–Ω—ã–π —Ñ–µ–¥–µ—Ä–∞–ª—å–Ω—ã–π –æ–∫—Ä—É–≥,–§—Ä–∏–ª–∞–Ω—Å,103
–°–µ–≤–µ—Ä–æ-–ó–∞–ø–∞–¥–Ω—ã–π —Ñ–µ–¥–µ—Ä–∞–ª—å–Ω—ã–π –æ–∫—Ä—É–≥,–í—Ä–µ–º–µ–Ω–Ω–∞—è —Ä–∞–±–æ—Ç–∞,49
–°–µ–≤–µ—Ä–æ-–ó–∞–ø–∞–¥–Ω—ã–π —Ñ–µ–¥–µ—Ä–∞–ª—å–Ω—ã–π –æ–∫—Ä—É–≥,–°—Ç–∏–ø–µ–Ω–¥–∏—è –∏–ª–∏ –≥—Ä–∞–Ω—Ç,48
–°–µ–≤–µ—Ä–æ-–ó–∞–ø–∞–¥–Ω—ã–π —Ñ–µ–¥–µ—Ä–∞–ª—å–Ω—ã–π –æ–∫—Ä—É–≥,"–ü–∞—Å—Å–∏–≤–Ω—ã–π –¥–æ—Ö–æ–¥ (—Å–¥–∞—á–∞ –∂–∏–ª—å—è –≤ –∞—Ä–µ–Ω–¥—É, –¥–∏–≤–∏–¥–µ–Ω–¥—ã, –ø—Ä–æ—Ü–µ–Ω—Ç—ã –æ—Ç –≤–∫–ª–∞–¥–∞)",44
–°–µ–≤–µ—Ä–æ-–ó–∞–ø–∞–¥–Ω—ã–π —Ñ–µ–¥–µ—Ä–∞–ª—å–Ω—ã–π –æ–∫—Ä—É–≥,"–ì–æ—Å—É–¥–∞—Ä—Å—Ç–≤–µ–Ω–Ω—ã–µ –ø–æ—Å–æ–±–∏—è (–ø–µ–Ω—Å–∏—è, –ø–æ—Å–æ–±–∏–µ –ø–æ –±–µ–∑—Ä–∞–±–æ—Ç–∏—Ü–µ –∏ –¥—Ä.)",31
–°–µ–≤–µ—Ä–æ-–ó–∞–ø–∞–¥–Ω—ã–π —Ñ–µ–¥–µ—Ä–∞–ª—å–Ω—ã–π –æ–∫—Ä—É–≥,–ö—Ä–∞—Ç–∫–æ—Å—Ä–æ—á–Ω—ã–µ/—Å–ª—É—á–∞–π–Ω—ã–µ –ø–æ–¥—Ä–∞–±–æ—Ç–∫–∏,21
–°–µ–≤–µ—Ä–æ-–ó–∞–ø–∞–¥–Ω—ã–π —Ñ–µ–¥–µ—Ä–∞–ª—å–Ω—ã–π –æ–∫—Ä—É–≥,–°–≤–æ–π –±–∏–∑–Ω–µ—Å,2
–°–µ–≤–µ—Ä–æ-–ó–∞–ø–∞–¥–Ω—ã–π —Ñ–µ–¥–µ—Ä–∞–ª—å–Ω—ã–π –æ–∫—Ä—É–≥,"–í 2022 —è —É–≤–æ–ª–∏–ª–∞—Å—å —Å–æ —Ä–∞–±–æ—Ç—ã –∏ –Ω–∞—á–∞–ª–∞ —Å–≤–æ–µ –¥–µ–ª–æ, –∫–æ—Ç–æ—Ä–æ–µ –ø–æ–∫–∞ –Ω–µ –ø—Ä–∏–Ω–æ—Å–∏—Ç —Å—Ç–∞–±–∏–ª—å–Ω—ã–π –¥–æ—Ö–æ–¥",1
–°–µ–≤–µ—Ä–æ-–ó–∞–ø–∞–¥–Ω—ã–π —Ñ–µ–¥–µ—Ä–∞–ª—å–Ω—ã–π –æ–∫—Ä—É–≥,"–í –ø—Ä–æ—à–ª–æ–º –º–µ—Å—è—Ü–µ –ø—Ä–æ–∏–∑–æ—à–ª–æ —É–≤–æ–ª—å–Ω–µ–Ω–∏–µ —Å —Ä–∞–±–æ—Ç—ã, —Å–µ–π—á–∞—Å –Ω–∞—Ö–æ–∂—É—Å—å –≤ –ø–æ–∏—Å–∫–µ",1
–°–µ–≤–µ—Ä–æ-–ó–∞–ø–∞–¥–Ω—ã–π —Ñ–µ–¥–µ—Ä–∞–ª—å–Ω—ã–π –æ–∫—Ä—É–≥,–î–µ–Ω—å–≥–∏ –æ—Ç —Ä–æ–¥–∏—Ç–µ–ª–µ–π+ –Ω–µ–ø–æ–ª–Ω–∞—è —Ä–∞–±–æ—Ç–∞,1
–°–µ–≤–µ—Ä–æ-–ó–∞–ø–∞–¥–Ω—ã–π —Ñ–µ–¥–µ—Ä–∞–ª—å–Ω—ã–π –æ–∫—Ä—É–≥,–î–µ–Ω—å–≥–∏ —Ä–æ–¥–∏—Ç–µ–ª–µ–π ,1
–°–µ–≤–µ—Ä–æ-–ó–∞–ø–∞–¥–Ω—ã–π —Ñ–µ–¥–µ—Ä–∞–ª—å–Ω—ã–π –æ–∫—Ä—É–≥,"–î–æ–ª–≥–∏, –∫–æ—Ç–æ—Ä—ã–µ –æ—Ç–¥–∞—é—Ç –ª—é–¥–∏",1
–°–µ–≤–µ—Ä–æ-–ó–∞–ø–∞–¥–Ω—ã–π —Ñ–µ–¥–µ—Ä–∞–ª—å–Ω—ã–π –æ–∫—Ä—É–≥,–û–±–µ—Å–ø–µ—á–µ–Ω–∏–µ —Ä–æ–¥–∏—Ç–µ–ª—è–º–∏,1
–°–µ–≤–µ—Ä–æ-–ó–∞–ø–∞–¥–Ω—ã–π —Ñ–µ–¥–µ—Ä–∞–ª—å–Ω—ã–π –æ–∫—Ä—É–≥,–û–ø–ª–∞—Ç–∞ –ø—Ä–æ—Å—Ç–æ—è —Ä–∞–±–æ—Ç–æ–¥–∞—Ç–µ–ª–µ–º + –ø–µ—Ä–∏–æ–¥–∏—á–µ—Å–∫–∏–µ –ø–æ–¥—Ä–∞–±–æ—Ç–∫–∏ –≤ –∫–∞—á–µ—Å—Ç–≤–µ —Å–∞–º–æ–∑–∞–Ω—è—Ç–æ–≥–æ,1
–°–µ–≤–µ—Ä–æ-–ó–∞–ø–∞–¥–Ω—ã–π —Ñ–µ–¥–µ—Ä–∞–ª—å–Ω—ã–π –æ–∫—Ä—É–≥,–ü–µ–Ω—Å–∏—è,1
–°–µ–≤–µ—Ä–æ-–ó–∞–ø–∞–¥–Ω—ã–π —Ñ–µ–¥–µ—Ä–∞–ª—å–Ω—ã–π –æ–∫—Ä—É–≥,–ü–æ–º–æ—â—å —Å —Ä–∞–±–æ—Ç–æ–π —Ä–æ–¥–∏—Ç–µ–ª–µ–π ,1
–°–µ–≤–µ—Ä–æ-–ó–∞–ø–∞–¥–Ω—ã–π —Ñ–µ–¥–µ—Ä–∞–ª—å–Ω—ã–π –æ–∫—Ä—É–≥,–ü–æ—Å—Ç–æ—è–Ω–Ω–∞—è —Ä–∞–±–æ—Ç–∞ + –ø–æ–¥—Ä–∞–±–æ—Ç–∫–∏ –ø–æ –≤—ã—Ö–æ–¥–Ω—ã–º –∏ –≤–µ—á–µ—Ä–∞–º,1
–°–µ–≤–µ—Ä–æ-–ó–∞–ø–∞–¥–Ω—ã–π —Ñ–µ–¥–µ—Ä–∞–ª—å–Ω—ã–π –æ–∫—Ä—É–≥,–ü–æ—Å—Ç–æ—è–Ω–Ω–∞—è —Ä–∞–±–æ—Ç–∞ +–¥–æ–ø–æ–ª–Ω–∏—Ç–µ–ª—å–Ω—ã–µ –ø–æ–¥—Ä–∞–±–æ—Ç–∫–∏   ,1
–°–µ–≤–µ—Ä–æ-–ó–∞–ø–∞–¥–Ω—ã–π —Ñ–µ–¥–µ—Ä–∞–ª—å–Ω—ã–π –æ–∫—Ä—É–≥,–ü–æ—Å—Ç–æ—è–Ω–Ω–∞—è —Ä–∞–±–æ—Ç–∞ –∏ –ø–æ–¥—Ä–∞–±–æ—Ç–∫–∏,1
–°–µ–≤–µ—Ä–æ-–ó–∞–ø–∞–¥–Ω—ã–π —Ñ–µ–¥–µ—Ä–∞–ª—å–Ω—ã–π –æ–∫—Ä—É–≥,"–ü–æ—Å—Ç–æ—è–Ω–Ω–∞—è —Ä–∞–±–æ—Ç–∞ —Å–æ —Å—Ç–∞–±–∏–ª—å–Ω—ã–º –∑–∞—Ä–∞–±–æ—Ç–∫–æ–º 15.000+–¥–æ—Ö–æ–¥ –æ—Ç —Ç–≤–æ—Ä—á–µ—Å—Ç–≤–∞, —Ñ–µ—Å—Ç–∏–≤–∞–ª–µ–π –∏ –∞—Ä–∏-–º–∞—Ä–∫–µ—Ç–æ–≤",1
–°–µ–≤–µ—Ä–æ-–ó–∞–ø–∞–¥–Ω—ã–π —Ñ–µ–¥–µ—Ä–∞–ª—å–Ω—ã–π –æ–∫—Ä—É–≥,–ü–æ—Å—Ç—Ä—è–Ω–Ω–∞—è —Ä–∞–±–æ—Ç–∞ + –≤—Ä–µ–º–µ–Ω–Ω–∞—è —Ä–∞–±–æ—Ç–∞ + –∫—Ä–∞—Ç–∫–æ—Å—Ä–æ—á–Ω—ã–µ –ø–æ–¥—Ä–∞–±–æ—Ç–∫–∏,1
–°–µ–≤–µ—Ä–æ-–ó–∞–ø–∞–¥–Ω—ã–π —Ñ–µ–¥–µ—Ä–∞–ª—å–Ω—ã–π –æ–∫—Ä—É–≥,–ü—Ä–µ–¥–ø—Ä–∏–Ω–∏–º–∞—Ç–µ–ª—å—Å–∫–∞—è –¥–µ—è—Ç–µ–ª—å–Ω–æ—Å—Ç—å ,1
–°–µ–≤–µ—Ä–æ-–ó–∞–ø–∞–¥–Ω—ã–π —Ñ–µ–¥–µ—Ä–∞–ª—å–Ω—ã–π –æ–∫—Ä—É–≥,–ü—Ä–µ–¥–ø—Ä–∏–Ω–∏–º–∞—Ç–µ–ª—å—Å—Ç–≤–æ,1
–°–µ–≤–µ—Ä–æ-–ó–∞–ø–∞–¥–Ω—ã–π —Ñ–µ–¥–µ—Ä–∞–ª—å–Ω—ã–π –æ–∫—Ä—É–≥,"–†–∞–±–æ—Ç–∞–ª –≤ –∫—Ñ—Å, —É—à—ë–ª –Ω–∞ –≤—ç–±–∫–∞–º üóø. ",1
–°–µ–≤–µ—Ä–æ-–ó–∞–ø–∞–¥–Ω—ã–π —Ñ–µ–¥–µ—Ä–∞–ª—å–Ω—ã–π –æ–∫—Ä—É–≥,–°–∞–º–æ–∑–∞–Ω—è—Ç–æ—Å—Ç—å ,1
–°–µ–≤–µ—Ä–æ-–ó–∞–ø–∞–¥–Ω—ã–π —Ñ–µ–¥–µ—Ä–∞–ª—å–Ω—ã–π –æ–∫—Ä—É–≥,"–°–µ–π—á–∞—Å —è —Ä–∞–±–æ—Ç–∞—é —Ä–∞–±–æ—Ç–Ω–∏–∫–æ–º —Ç–æ—Ä–≥–æ–≤–æ—Ä–æ–≥–æ –∑–∞–ª–∞, –Ω–æ —è —Å–æ–±–∏—Ä–∞—é—Å—å –∏—Å–∫–∞—Ç—å –±–æ–ª–µ–µ –ø—Ä–∏–±—ã–ª—å–Ω—É—é —Ä–∞–±–æ—Ç—É.",1
–°–µ–≤–µ—Ä–æ-–ó–∞–ø–∞–¥–Ω—ã–π —Ñ–µ–¥–µ—Ä–∞–ª—å–Ω—ã–π –æ–∫—Ä—É–≥,–°–æ–±—Å—Ç–≤–µ–Ω–Ω—ã–π –±–∏–∑–Ω–µ—Å,1
–°–µ–≤–µ—Ä–æ-–ó–∞–ø–∞–¥–Ω—ã–π —Ñ–µ–¥–µ—Ä–∞–ª—å–Ω—ã–π –æ–∫—Ä—É–≥,"–£ –º–µ–Ω—è –µ—Å—Ç—å –ø–æ—Å—Ç–æ—è–Ω–Ω–∞—è —Ä–∞–±–æ—Ç–∞, –Ω–æ –æ–Ω–∞ –Ω–µ –≤—Å–µ–≥–¥–∞ –ø—Ä–∏–Ω–æ—Å–∏—Ç –ø–æ—Å—Ç–æ—è–Ω–Ω—ã–π –∑–∞—Ä–∞–±–æ—Ç–æ–∫",1
–°–µ–≤–µ—Ä–æ-–ó–∞–ø–∞–¥–Ω—ã–π —Ñ–µ–¥–µ—Ä–∞–ª—å–Ω—ã–π –æ–∫—Ä—É–≥,–§—Ä–∏–ª–∞–Ω—Å + —Å–¥–∞—á–∞ –∂–∏–ª—å—è –≤ –∞—Ä–µ–Ω–¥—É –≤ —Ä–∞–≤–Ω–æ–π –º–µ—Ä–µ,1
–°–µ–≤–µ—Ä–æ-–ó–∞–ø–∞–¥–Ω—ã–π —Ñ–µ–¥–µ—Ä–∞–ª—å–Ω—ã–π –æ–∫—Ä—É–≥,"–Ø —Ö—É–¥–æ–∂–Ω–∏_—Ü–∞, –∏–Ω–æ–≥–¥–∞ –ø–æ–ª—É—á–∞—é –≥—Ä–∞–Ω—Ç—ã –Ω–∞ –Ω–µ–∫–æ—Ç–æ—Ä—ã–µ –ø—Ä–æ–µ–∫—Ç—ã, –≤—Å–µ–≥–¥–∞ –¥–µ–ª—é –≥—Ä–∞–Ω—Ç—ã —Å–æ —Å–≤–æ–∏–º–∏ –∫–æ–ª–ª–µ–∂–∞–Ω_–∫–∞–º–∏, —Å –∫–æ—Ç–æ—Ä—ã–º–∏ —Å–æ—Ç—Ä—É–¥–Ω–∏—á–∞—é ",1
–°–µ–≤–µ—Ä–æ-–ó–∞–ø–∞–¥–Ω—ã–π —Ñ–µ–¥–µ—Ä–∞–ª—å–Ω—ã–π –æ–∫—Ä—É–≥,–∞–ª–∏–º–µ–Ω—Ç—ã –Ω–∞ –¥–µ—Ç–µ–π –æ—Ç –±—ã–≤—à–µ–≥–æ —Å—É–ø—Ä—É–≥–∞ ,1
–°–µ–≤–µ—Ä–æ-–ó–∞–ø–∞–¥–Ω—ã–π —Ñ–µ–¥–µ—Ä–∞–ª—å–Ω—ã–π –æ–∫—Ä—É–≥,"–¥–æ –º–∞—è —É –º–µ–Ω—è –±—ã–ª–∞ –ø–æ—Å—Ç–æ—è–Ω–Ω–∞—è —Ä–∞–±–æ—Ç–∞ –≤ –≥–µ–π–º–¥–µ–≤–µ, –Ω–æ –ø–æ—Å–ª–µ –∑–∞–∫—Ä—ã—Ç–∏—è —Å—Ç—É–¥–∏–∏ —è —Ç–∞–∫ –∏ –Ω–µ —Å–º–æ–≥–ª–∞ –Ω–∞–π—Ç–∏ –Ω–æ–≤—É—é —Ä–∞–±–æ—Ç—É, —Ç–∞–∫ —á—Ç–æ —Ç–µ–ø–µ—Ä—å –∂–∏–≤—É –Ω–∞ –ø–∞—Å—Å–∏–≤–Ω—ã–π –¥–æ—Ö–æ–¥ ((",1
–°–µ–≤–µ—Ä–æ-–ó–∞–ø–∞–¥–Ω—ã–π —Ñ–µ–¥–µ—Ä–∞–ª—å–Ω—ã–π –æ–∫—Ä—É–≥,—Å—Ç–∏–ø–µ–Ω–¥–∏—è –∏ –ø–µ–Ω—Å–∏—è –ø–æ –∏–Ω–≤–∞–ª–∏–¥–Ω–æ—Å—Ç–∏,1
–°–µ–≤–µ—Ä–æ-–ó–∞–ø–∞–¥–Ω—ã–π —Ñ–µ–¥–µ—Ä–∞–ª—å–Ω—ã–π –æ–∫—Ä—É–≥,"—É –º–µ–Ω—è –¥–≤–µ –ø–æ—Å—Ç–æ—è–Ω–Ω—ã—Ö —Ä–∞–±–æ—Ç—ã, –æ–¥–Ω–∞ –∑–∞—Ä–ø–ª–∞—Ç–∞ –º–µ–Ω—è –Ω–µ –ø—Ä–æ–∫–æ—Ä–º–∏—Ç",1
–°–µ–≤–µ—Ä–æ-–ö–∞–≤–∫–∞–∑—Å–∫–∏–π —Ñ–µ–¥–µ—Ä–∞–ª—å–Ω—ã–π –æ–∫—Ä—É–≥,–ü–æ—Å—Ç–æ—è–Ω–Ω–∞—è —Ä–∞–±–æ—Ç–∞,22
–°–µ–≤–µ—Ä–æ-–ö–∞–≤–∫–∞–∑—Å–∫–∏–π —Ñ–µ–¥–µ—Ä–∞–ª—å–Ω—ã–π –æ–∫—Ä—É–≥,–í—Ä–µ–º–µ–Ω–Ω–∞—è —Ä–∞–±–æ—Ç–∞,5
–°–µ–≤–µ—Ä–æ-–ö–∞–≤–∫–∞–∑—Å–∫–∏–π —Ñ–µ–¥–µ—Ä–∞–ª—å–Ω—ã–π –æ–∫—Ä—É–≥,–§—Ä–∏–ª–∞–Ω—Å,4
–°–µ–≤–µ—Ä–æ-–ö–∞–≤–∫–∞–∑—Å–∫–∏–π —Ñ–µ–¥–µ—Ä–∞–ª—å–Ω—ã–π –æ–∫—Ä—É–≥,"–ì–æ—Å—É–¥–∞—Ä—Å—Ç–≤–µ–Ω–Ω—ã–µ –ø–æ—Å–æ–±–∏—è (–ø–µ–Ω—Å–∏—è, –ø–æ—Å–æ–±–∏–µ –ø–æ –±–µ–∑—Ä–∞–±–æ—Ç–∏—Ü–µ –∏ –¥—Ä.)",2
–°–µ–≤–µ—Ä–æ-–ö–∞–≤–∫–∞–∑—Å–∫–∏–π —Ñ–µ–¥–µ—Ä–∞–ª—å–Ω—ã–π –æ–∫—Ä—É–≥,–ö—Ä–∞—Ç–∫–æ—Å—Ä–æ—á–Ω—ã–µ/—Å–ª—É—á–∞–π–Ω—ã–µ –ø–æ–¥—Ä–∞–±–æ—Ç–∫–∏,1
–°–µ–≤–µ—Ä–æ-–ö–∞–≤–∫–∞–∑—Å–∫–∏–π —Ñ–µ–¥–µ—Ä–∞–ª—å–Ω—ã–π –æ–∫—Ä—É–≥,"–ü–∞—Å—Å–∏–≤–Ω—ã–π –¥–æ—Ö–æ–¥ (—Å–¥–∞—á–∞ –∂–∏–ª—å—è –≤ –∞—Ä–µ–Ω–¥—É, –¥–∏–≤–∏–¥–µ–Ω–¥—ã, –ø—Ä–æ—Ü–µ–Ω—Ç—ã –æ—Ç –≤–∫–ª–∞–¥–∞)",1
–°–µ–≤–µ—Ä–æ-–ö–∞–≤–∫–∞–∑—Å–∫–∏–π —Ñ–µ–¥–µ—Ä–∞–ª—å–Ω—ã–π –æ–∫—Ä—É–≥,–ü–æ—Å—Ç–æ—è–Ω–Ω–∞—è —Ä–∞–±–æ—Ç–∞ –∏ —Å—Ç–∏–ø–µ–Ω–¥–∏—è,1
–°–∏–±–∏—Ä—Å–∫–∏–π —Ñ–µ–¥–µ—Ä–∞–ª—å–Ω—ã–π –æ–∫—Ä—É–≥,–ü–æ—Å—Ç–æ—è–Ω–Ω–∞—è —Ä–∞–±–æ—Ç–∞,287
–°–∏–±–∏—Ä—Å–∫–∏–π —Ñ–µ–¥–µ—Ä–∞–ª—å–Ω—ã–π –æ–∫—Ä—É–≥,–§—Ä–∏–ª–∞–Ω—Å,33
–°–∏–±–∏—Ä—Å–∫–∏–π —Ñ–µ–¥–µ—Ä–∞–ª—å–Ω—ã–π –æ–∫—Ä—É–≥,"–ì–æ—Å—É–¥–∞—Ä—Å—Ç–≤–µ–Ω–Ω—ã–µ –ø–æ—Å–æ–±–∏—è (–ø–µ–Ω—Å–∏—è, –ø–æ—Å–æ–±–∏–µ –ø–æ –±–µ–∑—Ä–∞–±–æ—Ç–∏—Ü–µ –∏ –¥—Ä.)",27
–°–∏–±–∏—Ä—Å–∫–∏–π —Ñ–µ–¥–µ—Ä–∞–ª—å–Ω—ã–π –æ–∫—Ä—É–≥,–í—Ä–µ–º–µ–Ω–Ω–∞—è —Ä–∞–±–æ—Ç–∞,21
–°–∏–±–∏—Ä—Å–∫–∏–π —Ñ–µ–¥–µ—Ä–∞–ª—å–Ω—ã–π –æ–∫—Ä—É–≥,"–ü–∞—Å—Å–∏–≤–Ω—ã–π –¥–æ—Ö–æ–¥ (—Å–¥–∞—á–∞ –∂–∏–ª—å—è –≤ –∞—Ä–µ–Ω–¥—É, –¥–∏–≤–∏–¥–µ–Ω–¥—ã, –ø—Ä–æ—Ü–µ–Ω—Ç—ã –æ—Ç –≤–∫–ª–∞–¥–∞)",18
–°–∏–±–∏—Ä—Å–∫–∏–π —Ñ–µ–¥–µ—Ä–∞–ª—å–Ω—ã–π –æ–∫—Ä—É–≥,–°—Ç–∏–ø–µ–Ω–¥–∏—è –∏–ª–∏ –≥—Ä–∞–Ω—Ç,13
–°–∏–±–∏—Ä—Å–∫–∏–π —Ñ–µ–¥–µ—Ä–∞–ª—å–Ω—ã–π –æ–∫—Ä—É–≥,–ö—Ä–∞—Ç–∫–æ—Å—Ä–æ—á–Ω—ã–µ/—Å–ª—É—á–∞–π–Ω—ã–µ –ø–æ–¥—Ä–∞–±–æ—Ç–∫–∏,7
–°–∏–±–∏—Ä—Å–∫–∏–π —Ñ–µ–¥–µ—Ä–∞–ª—å–Ω—ã–π –æ–∫—Ä—É–≥,–ü–æ—Å—Ç–æ—è–Ω–Ω–∞—è —Ä–∞–±–æ—Ç–∞ + –ø–µ–Ω—Å–∏—è –ø–æ –∏–Ω–≤–∞–ª–∏–¥–Ω–æ—Å—Ç–∏,1
–°–∏–±–∏—Ä—Å–∫–∏–π —Ñ–µ–¥–µ—Ä–∞–ª—å–Ω—ã–π –æ–∫—Ä—É–≥,–ü–æ—Å—Ç–æ—è–Ω–Ω–∞—è —Ä–∞–±–æ—Ç–∞ +—Ñ—Ä–∏–ª–∞–Ω—Å,1
–°–∏–±–∏—Ä—Å–∫–∏–π —Ñ–µ–¥–µ—Ä–∞–ª—å–Ω—ã–π –æ–∫—Ä—É–≥,–ü—Ä–µ–¥–ø—Ä–∏–Ω–∏–º–∞—Ç–µ–ª—å—Å—Ç–∞–æ,1
–°–∏–±–∏—Ä—Å–∫–∏–π —Ñ–µ–¥–µ—Ä–∞–ª—å–Ω—ã–π –æ–∫—Ä—É–≥,–°–≤–æ–π –±–∏–∑–Ω–µ—Å,1
–°–∏–±–∏—Ä—Å–∫–∏–π —Ñ–µ–¥–µ—Ä–∞–ª—å–Ω—ã–π –æ–∫—Ä—É–≥,–°—Ç–µ–ø–µ–Ω–¥–∏—è –∏ –≥–æ—Å—É–¥–∞—Ä—Å—Ç–≤–µ–Ω–Ω—ã–µ –ø–æ—Å–æ–±–∏—è ,1
–°–∏–±–∏—Ä—Å–∫–∏–π —Ñ–µ–¥–µ—Ä–∞–ª—å–Ω—ã–π –æ–∫—Ä—É–≥,–°—Ç–∏–ø–µ–Ω–¥–∏—è + –ø–æ–¥—Ä–∞–±–æ—Ç–∫–∞,1
–°–∏–±–∏—Ä—Å–∫–∏–π —Ñ–µ–¥–µ—Ä–∞–ª—å–Ω—ã–π –æ–∫—Ä—É–≥,–Ø –≤—Ä–µ–º–µ–Ω–Ω–æ –ø–æ—á—Ç–∏ –Ω–µ —Ä–∞—å–æ—Ç–∞—é –ø–æ—Ç–æ–º—É —á—Ç–æ —Ä–µ—à–∏–ª–∞ —É—á–∏—Ç—Å—è –∏ –∂–∏—Ç—å –Ω–∞ –Ω–∞–∫–æ–ø–ª–µ–Ω–∏—è —ç—Ç–æ –≤—Ä–µ–º—è,1
–°–∏–±–∏—Ä—Å–∫–∏–π —Ñ–µ–¥–µ—Ä–∞–ª—å–Ω—ã–π –æ–∫—Ä—É–≥,–≤–µ–±–∫–∞–º,1
–°–∏–±–∏—Ä—Å–∫–∏–π —Ñ–µ–¥–µ—Ä–∞–ª—å–Ω—ã–π –æ–∫—Ä—É–≥,–∏ —Å—Ç–∏–ø–µ–Ω–¥–∏—è,1
–£—Ä–∞–ª—å—Å–∫–∏–π —Ñ–µ–¥–µ—Ä–∞–ª—å–Ω—ã–π –æ–∫—Ä—É–≥,–ü–æ—Å—Ç–æ—è–Ω–Ω–∞—è —Ä–∞–±–æ—Ç–∞,285
–£—Ä–∞–ª—å—Å–∫–∏–π —Ñ–µ–¥–µ—Ä–∞–ª—å–Ω—ã–π –æ–∫—Ä—É–≥,–§—Ä–∏–ª–∞–Ω—Å,33
–£—Ä–∞–ª—å—Å–∫–∏–π —Ñ–µ–¥–µ—Ä–∞–ª—å–Ω—ã–π –æ–∫—Ä—É–≥,–í—Ä–µ–º–µ–Ω–Ω–∞—è —Ä–∞–±–æ—Ç–∞,18
–£—Ä–∞–ª—å—Å–∫–∏–π —Ñ–µ–¥–µ—Ä–∞–ª—å–Ω—ã–π –æ–∫—Ä—É–≥,"–ì–æ—Å—É–¥–∞—Ä—Å—Ç–≤–µ–Ω–Ω—ã–µ –ø–æ—Å–æ–±–∏—è (–ø–µ–Ω—Å–∏—è, –ø–æ—Å–æ–±–∏–µ –ø–æ –±–µ–∑—Ä–∞–±–æ—Ç–∏—Ü–µ –∏ –¥—Ä.)",12
–£—Ä–∞–ª—å—Å–∫–∏–π —Ñ–µ–¥–µ—Ä–∞–ª—å–Ω—ã–π –æ–∫—Ä—É–≥,–°—Ç–∏–ø–µ–Ω–¥–∏—è –∏–ª–∏ –≥—Ä–∞–Ω—Ç,9
–£—Ä–∞–ª—å—Å–∫–∏–π —Ñ–µ–¥–µ—Ä–∞–ª—å–Ω—ã–π –æ–∫—Ä—É–≥,"–ü–∞—Å—Å–∏–≤–Ω—ã–π –¥–æ—Ö–æ–¥ (—Å–¥–∞—á–∞ –∂–∏–ª—å—è –≤ –∞—Ä–µ–Ω–¥—É, –¥–∏–≤–∏–¥–µ–Ω–¥—ã, –ø—Ä–æ—Ü–µ–Ω—Ç—ã –æ—Ç –≤–∫–ª–∞–¥–∞)",6
–£—Ä–∞–ª—å—Å–∫–∏–π —Ñ–µ–¥–µ—Ä–∞–ª—å–Ω—ã–π –æ–∫—Ä—É–≥,–ö—Ä–∞—Ç–∫–æ—Å—Ä–æ—á–Ω—ã–µ/—Å–ª—É—á–∞–π–Ω—ã–µ –ø–æ–¥—Ä–∞–±–æ—Ç–∫–∏,2
–£—Ä–∞–ª—å—Å–∫–∏–π —Ñ–µ–¥–µ—Ä–∞–ª—å–Ω—ã–π –æ–∫—Ä—É–≥,"–í–µ—Å—å –∏—Å–∫–∞–ª –Ω–∞ –∫–æ–≥–æ —Ä–∞–±–æ—Ç–∞—Ç—å. –î–æ–ª–≥–æ –Ω–µ –º–æ–≥ –Ω–∞—Ö–æ–¥–∏—Ç—å—Å—è –Ω–∞ –º–µ—Å—Ç–∞—Ö, —É–≤–æ–ª—å–Ω—è–ª—Å—è. –°–µ–π—á–∞—Å —Å–∞–º –Ω–∞ —Å–µ–±—è —Ä–∞–±–æ—Ç–∞—é. –ü—Ä–∏–Ω–æ—Å–∏—Ç –¥–µ–Ω–µ–≥ –±–æ–ª—å—à–µ. –ù–æ —Ñ–∏–Ω–∞–Ω—Å–æ–≤—ã–µ –¥—ã—Ä—ã –ø–æ–∫–∞ –Ω–µ –∑–∞–∫—Ä—ã—Ç—ã ",1
–£—Ä–∞–ª—å—Å–∫–∏–π —Ñ–µ–¥–µ—Ä–∞–ª—å–Ω—ã–π –æ–∫—Ä—É–≥,"–í—Ä–µ–º–µ–Ω–Ω–∞—è —Ä–∞–±–æ—Ç–∞, –¥–µ–≤–∏–¥–µ–Ω–¥—ã ",1
–£—Ä–∞–ª—å—Å–∫–∏–π —Ñ–µ–¥–µ—Ä–∞–ª—å–Ω—ã–π –æ–∫—Ä—É–≥,–ò –¥—Ä—É–≥–æ–µ,1
–£—Ä–∞–ª—å—Å–∫–∏–π —Ñ–µ–¥–µ—Ä–∞–ª—å–Ω—ã–π –æ–∫—Ä—É–≥,–†–∞–±–æ—Ç–∞ –∏ —Å—Ç–∏–ø–µ–Ω–¥–∏—è,1
–£—Ä–∞–ª—å—Å–∫–∏–π —Ñ–µ–¥–µ—Ä–∞–ª—å–Ω—ã–π –æ–∫—Ä—É–≥,"–°–æ–≤–º–µ—â–µ–Ω–∏–µ –ø–æ—Å—Ç–æ—è–Ω–Ω–æ–π —Ä–∞–±–æ—Ç—ã –∏ —Ö–æ–±–±–∏, –∑–∞ –∫–æ—Ç–æ—Ä–æ–µ —è –ø–æ–ª—É—á–∞—é –¥–µ–Ω—å–≥–∏ ",1
–£—Ä–∞–ª—å—Å–∫–∏–π —Ñ–µ–¥–µ—Ä–∞–ª—å–Ω—ã–π –æ–∫—Ä—É–≥,–°—Ç–∏–ø–µ–Ω–¥–∏—è –∏ –ø–æ—Å—Ç–æ—è–Ω–Ω–∞—è —Ä–∞–±–æ—Ç–∞,1
–£—Ä–∞–ª—å—Å–∫–∏–π —Ñ–µ–¥–µ—Ä–∞–ª—å–Ω—ã–π –æ–∫—Ä—É–≥,–¢—Ä–∏ —Ä–∞–±–æ—Ç—ã- –¥–≤–µ –ø–æ—Å—Ç–æ—è–Ω–Ω—ã–µ –∏ —Ñ—Ä–∏–ª–∞–Ω—Å,1
–¶–µ–Ω—Ç—Ä–∞–ª—å–Ω—ã–π —Ñ–µ–¥–µ—Ä–∞–ª—å–Ω—ã–π –æ–∫—Ä—É–≥,–ü–æ—Å—Ç–æ—è–Ω–Ω–∞—è —Ä–∞–±–æ—Ç–∞,1145
–¶–µ–Ω—Ç—Ä–∞–ª—å–Ω—ã–π —Ñ–µ–¥–µ—Ä–∞–ª—å–Ω—ã–π –æ–∫—Ä—É–≥,–§—Ä–∏–ª–∞–Ω—Å,178
–¶–µ–Ω—Ç—Ä–∞–ª—å–Ω—ã–π —Ñ–µ–¥–µ—Ä–∞–ª—å–Ω—ã–π –æ–∫—Ä—É–≥,–í—Ä–µ–º–µ–Ω–Ω–∞—è —Ä–∞–±–æ—Ç–∞,87
–¶–µ–Ω—Ç—Ä–∞–ª—å–Ω—ã–π —Ñ–µ–¥–µ—Ä–∞–ª—å–Ω—ã–π –æ–∫—Ä—É–≥,"–ì–æ—Å—É–¥–∞—Ä—Å—Ç–≤–µ–Ω–Ω—ã–µ –ø–æ—Å–æ–±–∏—è (–ø–µ–Ω—Å–∏—è, –ø–æ—Å–æ–±–∏–µ –ø–æ –±–µ–∑—Ä–∞–±–æ—Ç–∏—Ü–µ –∏ –¥—Ä.)",72
–¶–µ–Ω—Ç—Ä–∞–ª—å–Ω—ã–π —Ñ–µ–¥–µ—Ä–∞–ª—å–Ω—ã–π –æ–∫—Ä—É–≥,"–ü–∞—Å—Å–∏–≤–Ω—ã–π –¥–æ—Ö–æ–¥ (—Å–¥–∞—á–∞ –∂–∏–ª—å—è –≤ –∞—Ä–µ–Ω–¥—É, –¥–∏–≤–∏–¥–µ–Ω–¥—ã, –ø—Ä–æ—Ü–µ–Ω—Ç—ã –æ—Ç –≤–∫–ª–∞–¥–∞)",55
–¶–µ–Ω—Ç—Ä–∞–ª—å–Ω—ã–π —Ñ–µ–¥–µ—Ä–∞–ª—å–Ω—ã–π –æ–∫—Ä—É–≥,–°—Ç–∏–ø–µ–Ω–¥–∏—è –∏–ª–∏ –≥—Ä–∞–Ω—Ç,51
–¶–µ–Ω—Ç—Ä–∞–ª—å–Ω—ã–π —Ñ–µ–¥–µ—Ä–∞–ª—å–Ω—ã–π –æ–∫—Ä—É–≥,–ö—Ä–∞—Ç–∫–æ—Å—Ä–æ—á–Ω—ã–µ/—Å–ª—É—á–∞–π–Ω—ã–µ –ø–æ–¥—Ä–∞–±–æ—Ç–∫–∏,47
–¶–µ–Ω—Ç—Ä–∞–ª—å–Ω—ã–π —Ñ–µ–¥–µ—Ä–∞–ª—å–Ω—ã–π –æ–∫—Ä—É–≥,–ü–æ–º–æ—â—å —Ä–æ–¥—Å—Ç–≤–µ–Ω–Ω–∏–∫–æ–≤,2
–¶–µ–Ω—Ç—Ä–∞–ª—å–Ω—ã–π —Ñ–µ–¥–µ—Ä–∞–ª—å–Ω—ã–π –æ–∫—Ä—É–≥," –ù—É –∏ —Å—Ç–∏–ø—É—Ö–∞, –ø–ª—é—Å –ø–æ–¥—Ä–∞–±–æ—Ç–∫–∞ ",1
–¶–µ–Ω—Ç—Ä–∞–ª—å–Ω—ã–π —Ñ–µ–¥–µ—Ä–∞–ª—å–Ω—ã–π –æ–∫—Ä—É–≥,50/50 - —Å—Ç–∏–ø–µ–Ω–¥–∏—è –∏ –ø–æ—Å—Ç–æ—è–Ω–Ω–∞—è —Ä–∞–±–æ—Ç–∞ ,1
–¶–µ–Ω—Ç—Ä–∞–ª—å–Ω—ã–π —Ñ–µ–¥–µ—Ä–∞–ª—å–Ω—ã–π –æ–∫—Ä—É–≥,–ê–ª–∏–º–µ–Ω—Ç—ã –Ω–∞ —Ä–µ–±–µ–Ω–∫–∞,1
–¶–µ–Ω—Ç—Ä–∞–ª—å–Ω—ã–π —Ñ–µ–¥–µ—Ä–∞–ª—å–Ω—ã–π –æ–∫—Ä—É–≥,–ë–∏–∑–Ω–µ—Å ,1
–¶–µ–Ω—Ç—Ä–∞–ª—å–Ω—ã–π —Ñ–µ–¥–µ—Ä–∞–ª—å–Ω—ã–π –æ–∫—Ä—É–≥,"–ë–æ–ª—å—à—É—é —á–∞—Å—Ç—å –≥–æ–¥–∞ ‚Äî –ø–æ–¥—Ä–∞–±–æ—Ç–∫–∏, —Å –Ω–æ—è–±—Ä—è –ø–æ—Å—Ç–æ—è–Ω–Ω–∞—è —Ä–∞–±–æ—Ç–∞",1
–¶–µ–Ω—Ç—Ä–∞–ª—å–Ω—ã–π —Ñ–µ–¥–µ—Ä–∞–ª—å–Ω—ã–π –æ–∫—Ä—É–≥,–ì–æ–Ω–æ—Ä–∞—Ä—ã –∑–∞ –Ω–µ—Ä–µ–≥—É–ª—è—Ä–Ω—ã–µ –≤—ã—Å—Ç—É–ø–ª–µ–Ω–∏—è,1
–¶–µ–Ω—Ç—Ä–∞–ª—å–Ω—ã–π —Ñ–µ–¥–µ—Ä–∞–ª—å–Ω—ã–π –æ–∫—Ä—É–≥,"–î–µ–∫—Ä–µ—Ç, –ø–æ—Å–æ–±–∏–µ –Ω–∞ —Ä–µ–±–µ–Ω–∫–∞",1
–¶–µ–Ω—Ç—Ä–∞–ª—å–Ω—ã–π —Ñ–µ–¥–µ—Ä–∞–ª—å–Ω—ã–π –æ–∫—Ä—É–≥,–ò–∂–¥–∏–≤–µ–Ω–∏–µ,1
–¶–µ–Ω—Ç—Ä–∞–ª—å–Ω—ã–π —Ñ–µ–¥–µ—Ä–∞–ª—å–Ω—ã–π –æ–∫—Ä—É–≥,–ù–∞—É—á–Ω—ã–µ –ø—É–±–ª–∏–∫–∞—Ü–∏–∏. –ü–†–ù–î,1
–¶–µ–Ω—Ç—Ä–∞–ª—å–Ω—ã–π —Ñ–µ–¥–µ—Ä–∞–ª—å–Ω—ã–π –æ–∫—Ä—É–≥,"–û–±—â–∏–π –±—é–¥–∂–µ—Ç —Å —Å—É–ø—Ä—É–≥–æ–º/—Å—É–ø—Ä—É–≥–æ–π (–æ–±–∞ —Ä–∞–±–æ—Ç–∞–µ–º, –¥–æ—Ö–æ–¥ —Å —Å–∏–ª—å–Ω–æ–π —Ä–∞–∑–Ω–∏—Ü–µ–π)",1
–¶–µ–Ω—Ç—Ä–∞–ª—å–Ω—ã–π —Ñ–µ–¥–µ—Ä–∞–ª—å–Ω—ã–π –æ–∫—Ä—É–≥,–û–ø–ª–∞—á–∏–≤–∞–µ–º–æ–µ –≤–æ–ª–æ–Ω—Ç–µ—Ä—Å—Ç–≤–æ –≤ –¥—Ä—É–≥–æ–π —Å—Ç—Ä–∞–Ω–µ,1
–¶–µ–Ω—Ç—Ä–∞–ª—å–Ω—ã–π —Ñ–µ–¥–µ—Ä–∞–ª—å–Ω—ã–π –æ–∫—Ä—É–≥,–û—Ç —Ä–æ–¥–∏—Ç–µ–ª–µ–π. ,1
–¶–µ–Ω—Ç—Ä–∞–ª—å–Ω—ã–π —Ñ–µ–¥–µ—Ä–∞–ª—å–Ω—ã–π –æ–∫—Ä—É–≥,–ü–µ–Ω—Å–∏—è –∏ –ø–æ—Å—Ç–æ—è–Ω–Ω–∞—è —Ä–∞–±–æ—Ç–∞,1
–¶–µ–Ω—Ç—Ä–∞–ª—å–Ω—ã–π —Ñ–µ–¥–µ—Ä–∞–ª—å–Ω—ã–π –æ–∫—Ä—É–≥,"–ü–æ–ª –≥–æ–¥–∞ –ø–æ—Å—Ç–æ—è–Ω–Ω–∞—è —Ä–∞–±–æ—Ç–∞ —Å –ó–ü –±–æ–ª–µ–µ 85 —Ç—ã—Å—è—á, –∏ –ø–æ–ª –≥–æ–¥–∞ –¥–µ–∫—Ä–µ—Ç–Ω—ã–µ(–ø–æ—Å–æ–±–∏–µ –æ—Ç –≥–æ—Å—É–¥–∞—Ä—Å—Ç–≤–∞)",1
–¶–µ–Ω—Ç—Ä–∞–ª—å–Ω—ã–π —Ñ–µ–¥–µ—Ä–∞–ª—å–Ω—ã–π –æ–∫—Ä—É–≥,–ü–æ—Å–æ–±–∏—è –∏ —Å—Ç–∏–ø–µ–Ω–¥–∏—è ,1
–¶–µ–Ω—Ç—Ä–∞–ª—å–Ω—ã–π —Ñ–µ–¥–µ—Ä–∞–ª—å–Ω—ã–π –æ–∫—Ä—É–≥,–ü–æ—Å—Ç–æ—è–Ω–Ω–∞—è —Ä–∞–±–æ—Ç–∞ + –ø–æ–¥—Ä–∞–±–æ—Ç–∫–∏,1
–¶–µ–Ω—Ç—Ä–∞–ª—å–Ω—ã–π —Ñ–µ–¥–µ—Ä–∞–ª—å–Ω—ã–π –æ–∫—Ä—É–≥,–†–∞–±–æ—Ç–∞+–ø–æ–¥–¥–µ—Ä–∂–∫–∞ —Å–µ–º—å–∏ ,1
–¶–µ–Ω—Ç—Ä–∞–ª—å–Ω—ã–π —Ñ–µ–¥–µ—Ä–∞–ª—å–Ω—ã–π –æ–∫—Ä—É–≥,–†–æ–¥–∏—Ç–µ–ª–∏,1
–¶–µ–Ω—Ç—Ä–∞–ª—å–Ω—ã–π —Ñ–µ–¥–µ—Ä–∞–ª—å–Ω—ã–π –æ–∫—Ä—É–≥,–†–æ–¥–∏—Ç–µ–ª–∏ ,1
–¶–µ–Ω—Ç—Ä–∞–ª—å–Ω—ã–π —Ñ–µ–¥–µ—Ä–∞–ª—å–Ω—ã–π –æ–∫—Ä—É–≥,–†–æ–¥–∏—Ç–µ–ª–∏ –∏ –¥—Ä—É–≥–∏–µ —Ä–æ–¥—Å—Ç–≤–µ–Ω–Ω–∏–∫–∏,1
–¶–µ–Ω—Ç—Ä–∞–ª—å–Ω—ã–π —Ñ–µ–¥–µ—Ä–∞–ª—å–Ω—ã–π –æ–∫—Ä—É–≥,"–°–∞–º–æ–∑–∞–Ω—è—Ç–æ—Å—Ç—å, —Å–æ–±—Å—Ç–≤–µ–Ω–Ω–æ–µ –¥–µ–ª–æ",1
–¶–µ–Ω—Ç—Ä–∞–ª—å–Ω—ã–π —Ñ–µ–¥–µ—Ä–∞–ª—å–Ω—ã–π –æ–∫—Ä—É–≥,–°–∞–º–æ–∑–∞–Ω—è—Ç—ã–π,1
–¶–µ–Ω—Ç—Ä–∞–ª—å–Ω—ã–π —Ñ–µ–¥–µ—Ä–∞–ª—å–Ω—ã–π –æ–∫—Ä—É–≥,–°–æ–¥–µ—Ä–∂–∞–Ω–∏–µ –∫–∞–∫ –∏–∂–¥–∏–≤–µ–Ω—Ü–∞,1
–¶–µ–Ω—Ç—Ä–∞–ª—å–Ω—ã–π —Ñ–µ–¥–µ—Ä–∞–ª—å–Ω—ã–π –æ–∫—Ä—É–≥,–°—Ç–∏–ø–µ–Ω–¥–∏—è + –ø–æ–¥—Ä–∞–±–æ—Ç–∫–∞ –Ω–∞ –Ω–µ–ø–æ–ª–Ω—ã–π –¥–µ–Ω—å.,1
–¶–µ–Ω—Ç—Ä–∞–ª—å–Ω—ã–π —Ñ–µ–¥–µ—Ä–∞–ª—å–Ω—ã–π –æ–∫—Ä—É–≥,–∫–∞—Ä–º–∞–Ω–Ω—ã–µ –¥–µ–Ω—å–≥–∏ ,1
–¶–µ–Ω—Ç—Ä–∞–ª—å–Ω—ã–π —Ñ–µ–¥–µ—Ä–∞–ª—å–Ω—ã–π –æ–∫—Ä—É–≥,"–∫–æ–º–±–∏–Ω–∏—Ä–æ–≤–∞–Ω–Ω—ã–π (—Ä–∞–±–æ—Ç–∞, —Å–¥–∞—é –∫–≤–∞—Ä—Ç–∏—Ä—É, –º–∞–º–∞-–∏–Ω–≤–∞–ª–∏–¥ –ø–æ–ª—É—á–∞–µ—Ç –ø—Ä–µ—Ñ–µ—Ä–µ–Ω—Ü–∏–∏)",1
–¶–µ–Ω—Ç—Ä–∞–ª—å–Ω—ã–π —Ñ–µ–¥–µ—Ä–∞–ª—å–Ω—ã–π –æ–∫—Ä—É–≥,–ø–æ—Å—Ç–æ—è–Ω–Ω–∞—è –ø–æ–¥—Ä–∞–±–æ—Ç–∫–∞  (—Ä–µ–ø–µ—Ç–∏—Ç–æ—Ä),1
–¶–µ–Ω—Ç—Ä–∞–ª—å–Ω—ã–π —Ñ–µ–¥–µ—Ä–∞–ª—å–Ω—ã–π –æ–∫—Ä—É–≥,–ø–æ—Å—Ç–æ—è–Ω–Ω–∞—è —Ä–∞–±–æ—Ç–∞ + –ø–æ–¥—Ä–∞–±–æ—Ç–∫–∞ + –ø–∞—Å—Å–∏–≤–Ω—ã–π –¥–æ—Ö–æ–¥,1
–¶–µ–Ω—Ç—Ä–∞–ª—å–Ω—ã–π —Ñ–µ–¥–µ—Ä–∞–ª—å–Ω—ã–π –æ–∫—Ä—É–≥,–ø–æ—Å—Ç–æ—è–Ω–Ω–∞—è —Ä–∞–±–æ—Ç–∞+–ø–∞—Å—Å–∏–≤–Ω—ã–π –¥–æ—Ö–æ–¥+—Ñ—Ä–∏–ª–∞–Ω—Å,1
–Æ–∂–Ω—ã–π —Ñ–µ–¥–µ—Ä–∞–ª—å–Ω—ã–π –æ–∫—Ä—É–≥,–ü–æ—Å—Ç–æ—è–Ω–Ω–∞—è —Ä–∞–±–æ—Ç–∞,118
–Æ–∂–Ω—ã–π —Ñ–µ–¥–µ—Ä–∞–ª—å–Ω—ã–π –æ–∫—Ä—É–≥,–§—Ä–∏–ª–∞–Ω—Å,29
–Æ–∂–Ω—ã–π —Ñ–µ–¥–µ—Ä–∞–ª—å–Ω—ã–π –æ–∫—Ä—É–≥,–í—Ä–µ–º–µ–Ω–Ω–∞—è —Ä–∞–±–æ—Ç–∞,10
–Æ–∂–Ω—ã–π —Ñ–µ–¥–µ—Ä–∞–ª—å–Ω—ã–π –æ–∫—Ä—É–≥,"–ü–∞—Å—Å–∏–≤–Ω—ã–π –¥–æ—Ö–æ–¥ (—Å–¥–∞—á–∞ –∂–∏–ª—å—è –≤ –∞—Ä–µ–Ω–¥—É, –¥–∏–≤–∏–¥–µ–Ω–¥—ã, –ø—Ä–æ—Ü–µ–Ω—Ç—ã –æ—Ç –≤–∫–ª–∞–¥–∞)",9
–Æ–∂–Ω—ã–π —Ñ–µ–¥–µ—Ä–∞–ª—å–Ω—ã–π –æ–∫—Ä—É–≥,"–ì–æ—Å—É–¥–∞—Ä—Å—Ç–≤–µ–Ω–Ω—ã–µ –ø–æ—Å–æ–±–∏—è (–ø–µ–Ω—Å–∏—è, –ø–æ—Å–æ–±–∏–µ –ø–æ –±–µ–∑—Ä–∞–±–æ—Ç–∏—Ü–µ –∏ –¥—Ä.)",8
–Æ–∂–Ω—ã–π —Ñ–µ–¥–µ—Ä–∞–ª—å–Ω—ã–π –æ–∫—Ä—É–≥,–ö—Ä–∞—Ç–∫–æ—Å—Ä–æ—á–Ω—ã–µ/—Å–ª—É—á–∞–π–Ω—ã–µ –ø–æ–¥—Ä–∞–±–æ—Ç–∫–∏,4
–Æ–∂–Ω—ã–π —Ñ–µ–¥–µ—Ä–∞–ª—å–Ω—ã–π –æ–∫—Ä—É–≥,–°—Ç–∏–ø–µ–Ω–¥–∏—è –∏–ª–∏ –≥—Ä–∞–Ω—Ç,4
–Æ–∂–Ω—ã–π —Ñ–µ–¥–µ—Ä–∞–ª—å–Ω—ã–π –æ–∫—Ä—É–≥,–Ω–µ —Ö–æ—á—É –≥–æ–≤–æ—Ä–∏—Ç—å,1
